time,population_u,population_v,population_w
0,0.0,51119.92978165975,91622.55114501373
0.5,0.0,48181.11000058456,91090.67932262317
1.0,0.0,45408.423712400516,89275.42866886535
1.5,0.0,43020.70307808045,86252.35774317788
2.0,0.0,41198.06812349955,82254.9132635738
2.5,0.0,40068.26827354383,77635.10766667685
3.0,0.0,39706.6674922955,72795.34550271025
3.5,0.0,40145.84713724431,68117.93856236801
4.0,0.0,41387.366234497116,63916.34894900031
4.5,0.0,43409.368031862796,60417.16500114169
5.0,0.0,46167.22893464209,57767.15335168208
5.5,0.0,49587.63194863903,56053.51676245788
6.0,0.0,53558.39458576435,55326.7770731363
6.5,0.0,57917.45589737302,55619.833588041336
7.0,0.0,62445.04530368548,56960.33988146984
7.5,0.0,66863.1290130933,59375.51051641614
8.0,0.0,70845.32266347694,62889.03527623015
8.5,0.0,74038.3208705555,67509.51967572536
9.0,0.0,76093.01696003198,73209.32953649815
9.5,0.0,76701.21061895677,79892.41047289257
10.0,0.0,75633.59058268386,87350.2812832111
10.5,0.0,72776.80037208567,95208.1681009185
11.0,0.0,68169.97786302783,102870.1561780673
11.5,0.0,62040.47833974167,109485.83896453901
12.0,0.0,54830.557843827875,113981.92122579903
12.5,0.0,47190.85063929745,115221.47033191498
13.0,0.0,39902.66073452208,112337.41803278445
13.5,0.0,33708.766255034265,105177.06262504589
14.0,0.0,29109.400787924373,94590.66310737518
14.5,0.0,26262.307952935746,82226.43520152477
15.0,0.0,25068.791529982194,69861.6641282557
15.5,0.0,25350.717637323327,58785.04835701072
16.0,0.0,26974.916802357693,49620.99831422598
16.5,0.0,29889.579347055867,42492.71142478588
17.0,0.0,34108.804959937435,37259.54187114075
17.5,0.0,39676.24611634439,33693.38496112248
18.0,0.0,46618.67738184864,31577.80538079485
18.5,0.0,54891.79577091801,30753.548485723735
19.0,0.0,64322.32859400756,31134.650293519364
19.5,0.0,74557.87576506364,32710.741109593095
20.0,0.0,85043.84814641066,35543.46961161688
20.5,0.0,95048.10686094854,39759.803663122315
21.0,0.0,103741.05149260383,45541.54858661121
21.5,0.0,110312.57286179824,53107.73318399133
22.0,0.0,114083.12732093628,62683.62094979564
22.5,0.0,114566.87282639452,74446.23888090502
23.0,0.0,111476.8489319337,88431.17148557364
23.5,0.0,104704.51767287677,104380.18732835118
24.0,0.0,94330.34868996822,121509.83461123689
24.5,0.0,80718.10909936551,138205.16009135114
25.0,0.0,64710.33172277039,151733.21017296833
25.5,0.0,47846.41976089653,158293.81224691242
26.0,0.0,32335.005979298763,154026.4147691244
26.5,0.0,20404.3335451649,137361.84119488584
27.0,0.0,13135.991227640912,111397.4393840631
27.5,0.0,9857.794309985275,83164.66638886604
28.0,0.0,9031.762909548303,59024.888425880046
28.5,0.0,9579.250859624955,41184.18071524887
29.0,0.0,11108.414793978242,28893.472181725367
29.5,0.0,13583.469645793646,20692.826319069
30.0,0.0,17129.316987144615,15316.122914751559
30.5,0.0,21956.633621000066,11847.083310034752
31.0,0.0,28321.382318953838,9669.907418630903
31.5,0.0,36481.88735123805,8389.588080928643
32.0,0.0,46637.76326687171,7765.330393442036
32.5,0.0,58847.224667498966,7663.404391992977
33.0,0.0,72934.52978555624,8026.470849040117
33.5,0.0,88417.95004688298,8855.007801644962
34.0,0.0,104500.63688938894,10197.088189847045
34.5,0.0,120156.361640396,12143.698219465428
35.0,0.0,134303.3547696288,14827.538130924473
35.5,0.0,146010.4269269764,18423.60508897698
36.0,0.0,154654.0328065283,23149.61470859202
36.5,0.0,159964.30831930105,29263.199154569906
37.0,0.0,161952.98145485154,37050.466586436225
37.5,0.0,160773.0451844457,46796.42673449714
38.0,0.0,156585.13063519952,58721.48775528649
38.5,0.0,149491.09711323472,72860.4572131646
39.0,0.0,139565.8915452838,88858.79000868232
39.5,0.0,126994.28786681914,105698.58631959464
40.0,0.0,112261.84912786643,121534.48758496359
40.5,0.0,96200.84533523886,134106.4857305496
41.0,0.0,79736.27683530137,141769.01711525815
41.5,0.0,63662.23651121366,143920.59648099024
42.0,0.0,48651.056933600536,140587.9936515812
42.5,0.0,35306.76906345984,132068.539201634
43.0,0.0,24170.877274007093,118868.56892734992
43.5,0.0,15675.76025148995,101819.6792796454
44.0,0.0,10052.489115790342,82253.69717000403
44.5,0.0,7213.585356774575,62109.094439373155
45.0,0.0,6682.897364961568,43754.51999449518
45.5,0.0,7740.33834547546,29228.762577245485
46.0,0.0,9855.291696877888,19112.2754656607
46.5,0.0,12921.893306302334,12543.390605510831
47.0,0.0,17064.2817821283,8388.626517304574
47.5,0.0,22473.07224224043,5792.135146079495
48.0,0.0,29336.527924238362,4189.081780700202
48.5,0.0,37790.749859288844,3223.737721365288
49.0,0.0,47874.23587906661,2678.407624500702
49.5,0.0,59495.158966842224,2424.471585217323
50.0,0.0,72421.7026945413,2391.0626144723647
50.5,0.0,86296.93211243987,2545.8748921355073
51.0,0.0,100669.47210974975,2883.966417677337
51.5,0.0,115028.92892093859,3421.8055443761937
52.0,0.0,128840.75686737944,4194.824331087648
52.5,0.0,141581.9801468709,5257.404708578265
53.0,0.0,152780.997474551,6684.61804317115
53.5,0.0,162060.67462638993,8575.220270511352
54.0,0.0,169176.3615536398,11055.380193925475
54.5,0.0,174033.89319630957,14282.334434136561
55.0,0.0,176673.39928201083,18446.48501012473
55.5,0.0,177217.04226599145,23769.13511879607
56.0,0.0,175797.6800359251,30490.692426337584
56.5,0.0,172497.2871749064,38840.24720688342
57.0,0.0,167320.69713378922,48971.89932488575
57.5,0.0,160219.92485140482,60849.40942193941
58.0,0.0,151176.15911605925,74077.33275025772
58.5,0.0,140316.22104111782,87774.46926854378
59.0,0.0,127945.32364001633,100776.01280252566
59.5,0.0,114422.13805432728,112151.3269093387
60.0,0.0,100097.3295674897,121298.44531028518
60.5,0.0,85345.95711663655,127736.88874647988
61.0,0.0,70588.96421768522,131018.84556651502
61.5,0.0,56299.451065308924,130727.90954879788
62.0,0.0,42996.44138334932,126526.28360055182
62.5,0.0,31223.038009928165,118241.77840354483
63.0,0.0,21502.722953741115,105993.62488388384
63.5,0.0,14266.440933237878,90349.79879516152
64.0,0.0,9747.689775139017,72482.22567031247
64.5,0.0,7863.412047139978,54224.60773835335
65.0,0.0,8158.412843813202,37820.65134725263
65.5,0.0,9983.232199049533,25084.15025437542
66.0,0.0,12918.540219354412,16348.772592145106
66.5,0.0,16919.41878350301,10719.747245732276
67.0,0.0,22098.99620103317,7175.701135310964
67.5,0.0,28585.82409550934,4971.45442756298
68.0,0.0,36466.22594327225,3620.970758957854
68.5,0.0,45753.80513570944,2820.253791677822
69.0,0.0,56375.68760429786,2384.6259386146967
69.5,0.0,68172.32920577988,2206.3067643431405
70.0,0.0,80904.92068194784,2227.542596339084
70.5,0.0,94264.59952324533,2424.3162864113674
71.0,0.0,107881.64506738009,2797.014258287974
71.5,0.0,121336.91034191762,3365.667067528747
72.0,0.0,134179.59622006325,4168.266406967315
72.5,0.0,145954.92547323732,5261.23783465106
73.0,0.0,156242.4873652784,6721.4858267037125
73.5,0.0,164700.8817564262,8649.568230861354
74.0,0.0,171107.55220262505,11173.497893900163
74.5,0.0,175377.6744633522,14452.34890939843
75.0,0.0,177548.3921784349,18678.120761899034
75.5,0.0,177728.0199715378,24072.924279363662
76.0,0.0,176028.31310161683,30876.08260160107
76.5,0.0,172508.2020750227,39311.68157513143
77.0,0.0,167153.16034737387,49521.51529258134
77.5,0.0,159904.68604748126,61445.24272092125
78.0,0.0,150746.4088882804,74650.12830782802
78.5,0.0,139817.9537671756,88222.41840418598
79.0,0.0,127428.61646940309,101018.32103555277
79.5,0.0,113922.46563023906,112177.73644489188
80.0,0.0,99635.37383346193,121143.12282725016
80.5,0.0,84933.56219895334,127444.74816174815
81.0,0.0,70232.85283150393,130631.45563573489
81.5,0.0,56003.25448565269,130279.7647715556
82.0,0.0,42761.77859040532,126045.26280838491
82.5,0.0,31050.01987640793,117751.05006492804
83.0,0.0,21390.086865593104,105513.77296156688
83.5,0.0,14211.452876594134,89900.52988578654
84.0,0.0,9745.979283646515,72083.07414390039
84.5,0.0,7909.119146333366,53893.66282579243
85.0,0.0,8245.562859788906,37569.68306850619
85.5,0.0,10109.093320690243,24910.63408232962
86.0,0.0,13085.686696394727,16235.42335116799
86.5,0.0,17132.643345104258,10647.1351088738
87.0,0.0,22361.704878569424,7129.470723489329
87.5,0.0,28897.806323955712,4942.203432525763
88.0,0.0,36822.36307384518,3602.8072293590453
88.5,0.0,46144.01001437536,2809.5975628965843
89.0,0.0,56786.18933810659,2379.394483253784
89.5,0.0,68587.78681474787,2205.39877694657
90.0,0.0,81310.5090242608,2230.525216938806
90.5,0.0,94647.44590380671,2431.2472847498325
91.0,0.0,108231.4911542208,2808.354086009399
91.5,0.0,121646.21388829796,3382.2525204828116
92.0,0.0,134443.3583331056,4191.328597467909
92.5,0.0,146170.44201777375,5292.4536408344675
93.0,0.0,156409.09713718123,6763.054718697782
93.5,0.0,164819.67731783618,8704.305237710507
94.0,0.0,171180.9575136603,11244.92720057073
94.5,0.0,175408.80291124323,14544.768240454656
95.0,0.0,177540.19714403193,18796.57882396166
95.5,0.0,177682.40240455832,24223.002628191192
96.0,0.0,175945.45953690793,31063.28459229392
96.5,0.0,172386.43230732117,39540.08691716734
97.0,0.0,166989.55464515396,49791.16318537168
97.5,0.0,159696.886394781,61747.61137756507
98.0,0.0,150496.073793111,74961.90074405933
98.5,0.0,139535.0071635055,88502.20232205358
99.0,0.0,127130.74188151305,101219.83669662903
99.5,0.0,113626.7342645879,112277.20272070268
100.0,0.0,99353.91661420492,121142.23716898642
100.5,0.0,84674.84332216017,127356.61250397809
101.0,0.0,70003.01762451512,130472.09448072196
101.5,0.0,55806.825538576995,130065.06101341204
102.0,0.0,42601.94328566227,125790.40900897168
102.5,0.0,30928.667044970247,117470.99885693888
103.0,0.0,21307.686026877884,105223.9342008832
103.5,0.0,14166.846823826483,89617.27470586172
104.0,0.0,9736.201680828955,71823.59796442662
104.5,0.0,7929.5332028741705,53674.434155203184
105.0,0.0,8291.042743413233,37402.227067501386
105.5,0.0,10176.783807707885,24795.209849555806
106.0,0.0,13176.768829731072,16160.814642616233
106.5,0.0,17250.34976273854,10600.175323264859
107.0,0.0,22509.03678825336,7100.39884410087
107.5,0.0,29076.150680249906,4924.649590564769
108.0,0.0,37030.51122696711,3592.813797561083
108.5,0.0,46377.70831374317,2804.801562413881
109.0,0.0,57038.42539849199,2378.474598706143
109.5,0.0,68849.71487311568,2207.7282739216266
110.0,0.0,81572.6251904749,2235.96623228203
110.5,0.0,94900.60630967996,2440.0395594573165
111.0,0.0,108467.58025098503,2821.0676657677823
111.5,0.0,121858.49062848891,3399.7856825202803
112.0,0.0,134626.60119942288,4214.9398071804435
112.5,0.0,146320.9956681284,5323.820603028061
113.0,0.0,156524.8575431727,6804.354968963291
113.5,0.0,164899.98399195418,8758.310866837834
114.0,0.0,171226.3191455847,11315.099849429238
114.5,0.0,175420.39440395628,14635.32654977138
115.0,0.0,177519.14965029625,18912.4837498998
115.5,0.0,177629.03543341573,24369.757316423984
116.0,0.0,175858.69649363073,31246.360537763016
116.5,0.0,172263.652156145,39763.64937022447
117.0,0.0,166827.14145947417,50055.57697693371
117.5,0.0,159491.87525426561,62045.09570136211
118.0,0.0,150249.40648466884,75270.40407576378
118.5,0.0,139255.73888445974,88781.66817910357
119.0,0.0,126835.9861619799,101423.95096016263
119.5,0.0,113333.5564832618,112380.6829290989
120.0,0.0,99074.56675782539,121145.63334216908
120.5,0.0,84417.86192827491,127272.53007286483
121.0,0.0,69774.5952289538,130316.3920779409
121.5,0.0,55611.51133673245,129853.59864343745
122.0,0.0,42442.93863611912,125538.41084224317
122.5,0.0,30807.864794166635,117193.46328862119
123.0,0.0,21225.55065331839,104936.3136553561
123.5,0.0,14122.207391299078,89335.97213947645
124.0,0.0,9726.070731726415,71565.8249873967
124.5,0.0,7949.249554694124,53456.65452240029
125.0,0.0,8335.460409876274,37235.93899952247
125.5,0.0,10243.036395710165,24680.645479330247
126.0,0.0,13266.025913171427,16086.789944267324
126.5,0.0,17365.843984410254,10553.600809512842
127.0,0.0,22653.811448933226,7071.57941915385
127.5,0.0,29251.69115622736,4907.260248462351
128.0,0.0,37235.75551223425,3582.9253063433775
128.5,0.0,46608.56727079332,2800.068084287781
129.0,0.0,57288.029235199654,2377.584489132921
129.5,0.0,69109.3099796034,2210.0594484643852
130.0,0.0,81832.74419363211,2241.3819310664794
130.5,0.0,95152.09977150083,2448.777882830101
131.0,0.0,108702.30447004856,2833.6946241107207
131.5,0.0,122069.66976982316,3417.1931701896797
132.0,0.0,134808.9818325021,4238.377414159566
132.5,0.0,146470.89758114843,5354.954426807671
133.0,0.0,156640.1597642661,6845.347993289111
133.5,0.0,164980.01624694603,8811.917695557462
134.0,0.0,171271.58611614213,11384.762282362046
134.5,0.0,175432.07144642356,14725.242822195529
135.0,0.0,177498.3719146719,19027.597996119082
135.5,0.0,177576.12905956453,24515.567976126236
136.0,0.0,175772.59141295147,31428.362852174996
136.5,0.0,172141.72522883632,39986.090149256284
137.0,0.0,166665.7450783196,50319.00846351269
137.5,0.0,159287.94210223234,62342.09226685964
138.0,0.0,150003.65323123615,75579.44873165403
138.5,0.0,138976.9091393592,89063.13268220129
139.0,0.0,126541.09016990352,101631.0697592203
139.5,0.0,113039.90110592208,112486.95568317108
140.0,0.0,98794.64226972211,121150.93598228141
140.5,0.0,84160.33486827089,127189.423582498
141.0,0.0,69545.7101054108,130160.93445369793
141.5,0.0,55415.83122561291,129641.8943400125
142.0,0.0,42283.65634952062,125285.89833753696
142.5,0.0,30686.8517426694,116915.30540209696
143.0,0.0,21143.24158281642,104648.0806764179
143.5,0.0,14077.395258234736,89054.14816976429
144.0,0.0,9715.727069062914,71307.67328597371
144.5,0.0,7968.6713906462655,53238.65942188944
145.0,0.0,8379.469578948878,37069.57629532391
145.5,0.0,10308.757787584187,24566.078185005925
146.0,0.0,13354.638527813371,16012.774444153752
146.5,0.0,17480.60230906268,10507.031184483554
147.0,0.0,22797.803814007253,7042.758234379885
147.5,0.0,29426.473224384863,4889.862393190288
148.0,0.0,37440.3492349111,3573.0213031954204
148.5,0.0,46838.95801923824,2795.3112545328127
149.0,0.0,57537.38821656328,2376.6616611747017
149.5,0.0,69368.87999370017,2212.3462672380874
150.0,0.0,82093.01705576488,2246.738516729137
150.5,0.0,95403.86684456238,2457.438192748328
151.0,0.0,108937.36339805125,2846.2192618002664
151.5,0.0,122281.19883970701,3434.467061034463
152.0,0.0,134991.699393726,4261.641280536354
152.5,0.0,146621.11276883786,5385.86326346843
153.0,0.0,156755.75598485177,6886.051189400559
153.5,0.0,165060.33923538774,8865.153752316155
154.0,0.0,171317.1646395404,11453.954923526553
154.5,0.0,175444.10962725437,14814.571898865313
155.0,0.0,177478.03533722583,19141.99279966651
155.5,0.0,177523.7732305594,24660.523538275134
156.0,0.0,175687.17084174117,31609.397521755778
156.5,0.0,172020.62844548144,40207.52743213096
157.0,0.0,166505.3044505493,50581.575202490865
157.5,0.0,159085.00148205282,62638.692763663705
158.0,0.0,149758.72380247753,75889.06385951281
158.5,0.0,138698.44344414765,89346.54143954553
159.0,0.0,126245.99509209319,101841.09901383819
159.5,0.0,112745.71434014793,112595.93702745734
160.0,0.0,98514.09533266923,121158.0673488834
160.5,0.0,83902.22210896951,127107.21639205689
161.0,0.0,69316.33035350732,130005.64694359331
161.5,0.0,55219.76122051972,129429.87746948282
162.0,0.0,42124.08010696905,125032.80629786807
162.5,0.0,30565.619158810154,116636.46606261849
163.0,0.0,21060.75779543688,104359.18244201811
163.5,0.0,14032.417412977595,88771.75654464078
164.0,0.0,9705.186067402523,71049.10371997936
164.5,0.0,7987.822778744884,53020.417734550356
165.0,0.0,8423.103221747719,36903.116512863606
165.5,0.0,10373.990226748638,24451.493265409496
166.0,0.0,13442.658592532558,15938.758737786475
166.5,0.0,17594.685788038183,10460.460446810008
167.0,0.0,22941.082084467238,7013.931524516929
167.5,0.0,29600.568876239042,4872.453785586909
168.0,0.0,37644.36412711966,3563.100660491833
168.5,0.0,47068.9483736923,2790.5308374618903
169.0,0.0,57786.56381916092,2375.706684914541
169.5,0.0,69628.47899560552,2214.5901179820603
170.0,0.0,82353.49031216046,2252.038287052317
170.5,0.0,95655.9467550809,2466.0238646424405
171.0,0.0,109172.7892716606,2858.6462780171187
171.5,0.0,122493.10338779993,3451.613711877759
172.0,0.0,135174.77300943143,4284.739855613659
172.5,0.0,146771.65414775975,5416.558204846897
173.0,0.0,156871.65306011113,6926.478967610183
173.5,0.0,165140.95381587194,8918.037565959949
174.0,0.0,171363.0495334904,11522.70131364121
174.5,0.0,175456.4975340338,14903.343228415868
175.0,0.0,177458.12190913118,19255.70421017332
175.5,0.0,177471.94281983492,24804.66672605628
176.0,0.0,175602.4020359488,31789.51260600176
176.5,0.0,171900.32147131712,40428.01047836974
177.0,0.0,166345.77331731282,50843.31855910622
177.5,0.0,158883.00646933183,62934.91434459678
178.0,0.0,149514.58105722335,76199.2211327359
178.5,0.0,138420.32453961336,89631.81557218666
179.0,0.0,125950.6966931431,102053.95408945125
179.5,0.0,112450.99158520358,112707.57688114824
180.0,0.0,98232.92068948926,121166.99887685306
180.5,0.0,83643.5194627571,127025.88823308484
181.0,0.0,69086.45342189974,129850.51315117547
181.5,0.0,55023.30050916059,129217.5343241876
182.0,0.0,41964.21090304163,124779.12325079678
182.5,0.0,30444.170036214142,116356.93561943926
183.0,0.0,20978.104625401473,104069.61073569402
183.5,0.0,13987.28198976081,88488.79025730058
184.0,0.0,9694.45915513675,70790.11058096477
184.5,0.0,8006.718840517986,52801.92550160331
185.0,0.0,8466.380428507511,36736.55780739724
185.5,0.0,10438.757063707875,24336.890444757555
186.0,0.0,13530.113808492426,15864.743031592614
186.5,0.0,17708.125701362766,10413.888913972889
187.0,0.0,23083.67936752437,6985.099690224958
187.5,0.0,29774.010569162736,4855.034951745681
188.0,0.0,37847.82945222141,3553.1640903681614
188.5,0.0,47298.56262646261,2785.7278035976146
189.0,0.0,58035.574835637985,2374.7208763689227
189.5,0.0,69888.12080808046,2216.792770095373
190.0,0.0,82614.17379215825,2257.28360133097
190.5,0.0,95908.34623113854,2474.538022329418
191.0,0.0,109408.58631140023,2870.979784907605
191.5,0.0,122705.38543575948,3468.6385086813766
192.0,0.0,135358.2026051549,4307.680159724112
192.5,0.0,146922.51950544302,5447.048354029414
193.0,0.0,156987.84648358866,6966.6430585962735
193.5,0.0,165221.85292708606,8970.584133392027
194.0,0.0,171409.23081129225,11591.020420527553
194.5,0.0,175469.22176116743,14991.580441940065
195.0,0.0,177438.61418395783,19368.761026756456
195.5,0.0,177420.61563351785,24948.031471007853
196.0,0.0,175518.25743484884,31968.745929907527
196.5,0.0,171780.77128611633,40647.57740269748
197.0,0.0,166187.11457293492,51104.26917620346
197.5,0.0,158681.9203449931,63230.76641963527
198.0,0.0,149271.19752712606,76509.89106416782
198.5,0.0,138142.54259338923,89918.8834308136
199.0,0.0,125655.1961176502,102269.56161301296
199.5,0.0,112155.73223596354,112821.83665939514
200.0,0.0,97951.11588175228,121177.71273895323
200.5,0.0,83384.22480799373,126945.42755813543
201.0,0.0,68856.07837314291,129695.52322216099
201.5,0.0,54826.44955832241,129004.85596697882
202.0,0.0,41804.050674624414,124524.84130698972
202.5,0.0,30322.507895238832,116076.70735301527
203.0,0.0,20895.287400031517,103779.35999358694
203.5,0.0,13941.996446822284,88205.2448698155
204.0,0.0,9683.556276819309,70530.69068395597
204.5,0.0,8025.372287797843,52583.18113416732
205.0,0.0,8509.316889416501,36569.90032395937
205.5,0.0,10503.077242001495,24222.270876372426
206.0,0.0,13617.026454368086,15790.728465023978
206.5,0.0,17820.94696210111,10367.31748424823
207.0,0.0,23225.62167543965,6956.263474080294
207.5,0.0,29946.823303495876,4837.606594242678
208.0,0.0,38050.76710545544,3543.2123590082297
208.5,0.0,47527.81821664259,2780.9030767372637
209.0,0.0,58284.43402296224,2373.7054105687193
209.5,0.0,70147.81417614539,2218.955752716855
210.0,0.0,82875.07320480538,2262.4764644814145
210.5,0.0,96161.06874844129,2482.9832967539387
211.0,0.0,109644.75623003524,2883.223228605865
211.5,0.0,122918.04512866723,3485.5459518191556
212.0,0.0,135541.9867834882,4330.4680477358415
212.5,0.0,147073.70582764508,5477.341292259601
213.0,0.0,157104.33147824422,7006.553220034214
213.5,0.0,165303.02981243673,9022.805913460457
214.0,0.0,171455.69943534452,11658.92797822183
214.5,0.0,175482.27058427595,15079.30310259035
215.0,0.0,177419.49723213483,19481.187022515314
215.5,0.0,177369.77294593953,25090.645658065034
216.0,0.0,175434.71400885846,32147.128340873303
216.5,0.0,171661.95052018514,40866.25881535834
217.0,0.0,166029.2977624332,51364.45064154342
217.5,0.0,158481.71352662882,63526.25362898384
218.0,0.0,149028.5522662612,76821.0441948726
218.5,0.0,137865.0925459056,90207.67922183938
219.0,0.0,125359.49787273783,102487.85635797506
219.5,0.0,111859.9381541602,112938.68569420959
220.0,0.0,97668.68004110597,121190.19857246304
220.5,0.0,83124.33710507427,126865.82879481476
221.0,0.0,68625.20508414527,129540.67158555567
221.5,0.0,54629.209482403465,128791.83636007468
222.0,0.0,41643.60183958699,124269.95456795768
222.5,0.0,30200.63650540765,115795.77607465426
223.0,0.0,20812.311364033005,103488.42604728766
223.5,0.0,13896.567713407516,87921.11738145772
224.0,0.0,9672.486287836922,70270.84236010342
224.5,0.0,8043.794093666475,52364.184538110654
225.0,0.0,8551.9258687772,36403.14547205025
225.5,0.0,10566.966591557826,24107.636591965085
226.0,0.0,13703.41500167715,15716.71673434293
226.5,0.0,17933.170038524204,10320.747394403501
227.0,0.0,23366.930100705915,6927.423809978584
227.5,0.0,30119.02695094011,4820.169503765725
228.0,0.0,38253.19396398285,3533.246242224205
228.5,0.0,47756.72796916047,2776.057523192021
229.0,0.0,58533.15012864597,2372.6613396940556
229.5,0.0,70407.56452598117,2221.080400967121
230.0,0.0,83136.19161967107,2267.6186037244124
230.5,0.0,96414.11575014536,2491.361938219615
231.0,0.0,109881.299219233,2895.3795449057952
231.5,0.0,123131.08151507366,3502.339866138871
232.0,0.0,135726.12341683882,4353.108487964777
232.5,0.0,147225.20971438382,5507.443445227223
233.0,0.0,157221.10323823098,7046.217713380594
233.5,0.0,165384.47808316682,9074.713442219247
234.0,0.0,171502.44719147813,11726.437273128866
234.5,0.0,175495.63363036062,15166.527697524347
235.0,0.0,177400.75808650994,19593.002174666275
235.5,0.0,177319.3986958161,25232.532613085044
236.0,0.0,175351.7521808731,32324.685438721903
236.5,0.0,171543.83608599304,41084.07970772312
237.0,0.0,165872.29744645298,51623.88130867773
237.5,0.0,158282.361779041,63821.377171755004
238.0,0.0,148786.62916138233,77132.65131330596
238.5,0.0,137587.97281979021,90498.1417509239
239.0,0.0,125063.60895289175,102708.77913855878
239.5,0.0,111563.61308602318,113058.09904587732
240.0,0.0,97385.61346895891,121204.45166129684
240.5,0.0,82863.85605938794,126787.09100358281
241.0,0.0,68393.83396398478,129385.9559977834
241.5,0.0,54431.58180835838,128578.47167931151
242.0,0.0,41482.86711688679,124014.45859855137
242.5,0.0,30078.559777961986,115514.13767165264
243.0,0.0,20729.181664671472,103196.80569312465
243.5,0.0,13851.00228802855,87636.40580502679
244.0,0.0,9661.257186670502,70010.56504185204
244.5,0.0,8061.99387952448,52144.93672109146
245.0,0.0,8594.21876388622,36236.29557744598
245.5,0.0,10630.438566785828,23992.99022727961
246.0,0.0,13789.295029486773,15642.709904092591
246.5,0.0,18044.81203134195,10274.180100176483
247.0,0.0,23507.62201872227,6898.581751666525
247.5,0.0,30290.637519523174,4802.724520741605
248.0,0.0,38455.12313511479,3523.266511008345
248.5,0.0,47985.30125092534,2771.1919563353954
249.0,0.0,58781.72890208046,2371.5896147020007
249.5,0.0,70667.37480976777,2223.1678949782504
250.0,0.0,83397.53015023407,2272.7115271804187
250.5,0.0,96667.48718900356,2499.675898432319
251.0,0.0,110118.21437409031,2907.4512704344306
251.5,0.0,123344.49287307107,3519.0235489779284
252.0,0.0,135910.60988635637,4375.605757112796
252.5,0.0,147377.02753487576,5537.360337769424
253.0,0.0,157338.15699611636,7085.643634307105
253.5,0.0,165466.19168901152,9126.31575837002
254.0,0.0,171549.46655032635,11793.559686736737
254.5,0.0,175509.30161420265,15253.268321766505
255.0,0.0,177382.3853354948,19704.223511534572
255.5,0.0,177269.4789158728,25373.71212559757
256.0,0.0,175269.35507260627,32501.438762906775
256.5,0.0,171426.40822988187,41301.060742409056
257.0,0.0,165716.09207424519,51882.57553577877
257.5,0.0,158083.84498704848,64116.135696665144
258.0,0.0,148545.4157805737,77444.68357469061
258.5,0.0,137311.18444619825,90790.21353525204
259.0,0.0,124767.53824653296,102932.27536399852
259.5,0.0,111266.76227320367,113180.05599384192
260.0,0.0,97101.9173613449,121220.47168245018
260.5,0.0,82602.78189699144,126709.21697705795
261.0,0.0,68161.96575979589,129231.37692542037
261.5,0.0,54233.56830659781,128364.7598913107
262.0,0.0,41321.84938974813,123758.35011107266
262.5,0.0,29956.281676258066,115231.78882970066
263.0,0.0,20645.903326787266,102904.4964130166
263.5,0.0,13805.306295143451,87351.10887306796
264.0,0.0,9649.876269257893,69749.85895983949
264.5,0.0,8079.9801812335745,51925.4394972609
265.0,0.0,8636.205492682635,36069.35361989704
265.5,0.0,10693.504758689302,23878.334817924046
266.0,0.0,13874.679858433721,15568.71026787398
266.5,0.0,18155.887419386025,10227.617188311966
267.0,0.0,23647.711918949488,6869.7384202506955
267.5,0.0,30461.66802612648,4785.272507176451
268.0,0.0,38656.564815422564,3513.273920883531
268.5,0.0,48213.54476460009,2766.3071397802114
269.0,0.0,59030.173786983185,2370.491100865721
269.5,0.0,70927.24608251323,2225.219287971713
270.0,0.0,83659.08841954512,2277.756566005293
270.5,0.0,96921.18189691447,2507.9268894581837
271.0,0.0,110355.49998382032,2919.4406224945783
271.5,0.0,123558.27693577266,3535.599876411951
272.0,0.0,136095.443249705,4397.96358014075
272.5,0.0,147529.15553880233,5567.0967765642545
273.0,0.0,157455.48807368262,7124.837149641886
273.5,0.0,165548.16490080752,9177.620708230968
274.0,0.0,171596.7505716221,11860.305084505828
274.5,0.0,175523.2661524836,15339.53716800673
275.0,0.0,177364.36883373343,19814.8657188053
275.5,0.0,177220.00132569653,25514.20118017661
276.0,0.0,175187.50796591022,32677.40664026691
276.5,0.0,171309.64985430113,41517.21917227425
277.0,0.0,165560.66317914607,52140.54456387881
277.5,0.0,157886.1462818475,64410.52592541152
278.0,0.0,148304.90255748015,77757.11256796881
278.5,0.0,137034.73044842877,91083.84015679732
279.0,0.0,124471.29611461649,103158.2940113838
279.5,0.0,110969.39218022757,113304.53895354574
280.0,0.0,96817.59362278975,121238.26179611351
280.5,0.0,82341.11521168047,126632.2126000121
281.0,0.0,67929.60142134038,129076.93712112824
281.5,0.0,54035.17086888217,128150.70047699755
282.0,0.0,41160.55160261805,123501.62676773897
282.5,0.0,29833.80614405286,114948.72685840605
283.0,0.0,20562.481227144923,102611.49618887863
283.5,0.0,13759.485519982105,87065.22582933378
284.0,0.0,9638.350237129034,69488.72491689006
284.5,0.0,8097.760640548464,51705.69526165576
285.0,0.0,8677.894773826949,35902.323033165456
285.5,0.0,10756.175264115467,23763.673646532334
286.0,0.0,13959.58100714889,15494.720245261016
286.5,0.0,18266.408595728477,10181.060311714786
287.0,0.0,23787.212001637425,6840.894965620578
287.5,0.0,30632.12912191805,4767.814326050166
288.0,0.0,38857.52690544462,3503.269204212863
288.5,0.0,48441.46311535504,2761.4037898805514
289.0,0.0,59278.4864144651,2369.366589386093
289.5,0.0,71187.1779113797,2227.2355271114257
290.0,0.0,83920.86488939726,2282.7549056071325
290.5,0.0,97175.19784540478,2516.1164273463396
291.0,0.0,110593.15373660877,2931.3495580924528
291.5,0.0,123772.43105082269,3552.07138176185
292.0,0.0,136280.62036066715,4420.185233580851
292.5,0.0,147681.5899364777,5596.65698502742
293.0,0.0,157573.09191903312,7163.8036722713805
293.5,0.0,165630.392298147,9228.63517078721
294.0,0.0,171644.2928342767,11926.682102746243
294.5,0.0,175537.51962721645,15425.344887753288
295.0,0.0,177346.69948899606,19924.941586259407
295.5,0.0,177170.95503160675,25654.014494885774
296.0,0.0,175106.1979056977,32852.60480826219
296.5,0.0,171193.54601860448,41732.56951437838
297.0,0.0,165405.9947869958,52397.79715781704
297.5,0.0,157689.2514005192,64704.54310158183
298.0,0.0,148065.08219621732,78069.91035139372
298.5,0.0,136758.61539415337,91378.96977733636
299.0,0.0,124174.894081915,103386.78687504644
299.5,0.0,110671.51029789087,113431.53267372862
300.0,0.0,96532.64473940608,121257.82795707806
300.5,0.0,82078.85686106012,126556.08637300835
301.0,0.0,67696.74200769862,128922.64131701626
301.5,0.0,53836.391422005574,127936.29424145527
302.0,0.0,40998.9766859437,123244.28705304003
302.5,0.0,29711.137051096226,114664.9495804874
303.0,0.0,20478.920073096262,102317.803378873
303.5,0.0,13713.545432512148,86778.75628047333
304.0,0.0,9626.685277272163,69227.16411939899
304.5,0.0,8115.342148253984,51485.70681806477
305.0,0.0,8719.294335794875,35735.20755338106
305.5,0.0,10818.458960034617,23649.010129744944
306.0,0.0,14044.008530455378,15420.742306748734
306.5,0.0,18376.386264351186,10134.511142556139
307.0,0.0,23926.13261870156,6812.052538726291
307.5,0.0,30802.029553702647,4750.3508266997205
308.0,0.0,39058.015462290045,3493.2530650334393
308.5,0.0,48669.05922718489,2756.4825780700507
309.0,0.0,59526.666964000266,2368.216806490707
309.5,0.0,71447.16867382858,2229.2174695100234
310.0,0.0,84182.85709844879,2287.7076094394656
310.5,0.0,97429.53233258943,2524.2458652724617
311.0,0.0,110831.1728656368,2943.1798187124346
311.5,0.0,123986.95229354809,3568.440315089511
312.0,0.0,136466.13795371132,4442.273623784712
312.5,0.0,147834.32695509275,5626.0447054405895
313.0,0.0,157690.96413152298,7202.547993511584
313.5,0.0,165712.86875776143,9279.365227960772
314.0,0.0,171692.0873817682,11992.69836558689
314.5,0.0,175552.0550810049,15510.700864353897
315.0,0.0,177329.36909978898,20034.462345287015
315.5,0.0,177122.33029872648,25793.16492771319
316.0,0.0,175025.41339909515,33027.04688475276
316.5,0.0,171078.08356159937,41947.12405676965
317.0,0.0,165252.0729698006,52654.34008588358
317.5,0.0,157493.1482043465,64998.1813220724
318.0,0.0,147825.949226101,78383.04946920775
318.5,0.0,136482.84506170775,91675.55276597956
319.0,0.0,123878.34460445786,103617.70800503365
319.5,0.0,110373.12499747184,113561.0236254325
320.0,0.0,96247.07369220657,121279.178374346
320.5,0.0,81816.0078967588,126480.84904279094
321.0,0.0,67463.38862437554,128768.49599176359
321.5,0.0,53637.2318685981,127721.5431755356
322.0,0.0,40837.12750338771,122986.33018734519
322.5,0.0,29588.27815420507,114380.45526018763
323.0,0.0,20395.224387510647,102023.4166347103
323.5,0.0,13667.49120655738,86491.70009069573
324.0,0.0,9614.887124341267,68965.17805190237
324.5,0.0,8132.730955090064,51265.4772484293
325.0,0.0,8760.411077571152,35568.01110532123
325.5,0.0,10880.363712596643,23534.347736439453
326.0,0.0,14127.971276273096,15346.778920684344
326.5,0.0,18485.82974097454,10087.971339461557
327.0,0.0,24064.48260759893,6783.212272400927
327.5,0.0,30971.37651276711,4732.882834975772
328.0,0.0,39258.035041258285,3483.2261760066094
328.5,0.0,48896.33465637279,2751.5441332898595
329.0,0.0,59774.714434156675,2367.042420884093
329.5,0.0,71707.21577979582,2231.1658948904774
330.0,0.0,84445.0618379286,2292.6156376011704
330.5,0.0,97684.18211933819,2532.31641931586
331.0,0.0,111069.55425386729,2954.932965052811
331.5,0.0,124201.83754695518,3584.708689291643
332.0,0.0,136651.99270274214,4464.231347497654
332.5,0.0,147987.3628765763,5655.2632779711585
333.0,0.0,157809.1004763572,7241.074385487124
333.5,0.0,165795.58944068127,9329.816296255338
334.0,0.0,171740.1286767032,12058.360652663214
334.5,0.0,175566.866133457,15595.613423909124
335.0,0.0,177312.37022773208,20143.437929466956
335.5,0.0,177074.11837324838,25931.66379008798
336.0,0.0,174945.14418193928,33200.74472988623
336.5,0.0,170963.25080946297,42160.89324796866
337.0,0.0,165098.88550132993,52910.178486692246
337.5,0.0,157297.82630841937,65291.433787165806
338.0,0.0,147587.49966100848,78696.50295687708
338.5,0.0,136207.4261857565,91973.54140722041
339.0,0.0,123581.6608899486,103851.01327868455
339.5,0.0,110074.24541974794,113692.9995265423
340.0,0.0,95960.88389817043,121302.32307383005
340.5,0.0,81552.56951864659,126406.5133050447
341.0,0.0,67229.54238237705,128614.50918585596
341.5,0.0,53437.69404834597,127506.45034912601
342.0,0.0,40675.006816802554,122727.75606473176
342.5,0.0,29465.233071523646,114095.24255559119
343.0,0.0,20311.39850031142,101728.33484616865
343.5,0.0,13621.327737261938,86204.05730721717
344.0,0.0,9602.961111567209,68702.76838440307
344.5,0.0,8149.93276052343,51045.00981472838
345.0,0.0,8801.251195341747,35400.73771861791
345.5,0.0,10941.896540097756,23419.68993054322
346.0,0.0,14211.4770850271,15272.83251744937
346.5,0.0,18594.747186143755,10041.44252575031
347.0,0.0,24202.269549652858,6754.375268901158
347.5,0.0,31140.175904394287,4715.411147183311
348.0,0.0,39457.58895931948,3473.1891771015908
348.5,0.0,49123.289832666334,2746.5890446040926
349.0,0.0,60022.62685001232,2365.8440500792262
349.5,0.0,71967.31584060998,2233.0815158720056
350.0,0.0,84707.47528353153,2297.4798617056545
350.5,0.0,97939.14352963911,2540.329188922482
351.0,0.0,111308.29450948979,2966.6104045076095
351.5,0.0,124417.08355771806,3600.878316503159
352.0,0.0,136838.18126074175,4486.060739650333
352.5,0.0,148140.69406134446,5684.315702977398
353.0,0.0,157927.49689071684,7279.386681819022
353.5,0.0,165878.5497774786,9379.993230468961
354.0,0.0,171788.4115611097,12123.675031175157
354.5,0.0,175581.94691208133,15680.090001296066
355.0,0.0,177295.69609447516,20251.8771795603
355.5,0.0,177026.31134054443,26069.52109331131
356.0,0.0,174865.38103359693,33373.708730169106
356.5,0.0,170849.0373451363,42373.88600199621
357.0,0.0,164946.42158609576,53165.316155149034
357.5,0.0,157103.27679126794,65584.29299279535
358.0,0.0,147349.7307337566,79010.24433929764
358.5,0.0,135932.36625969244,92272.88966796521
359.0,0.0,123284.8567560799,104086.66006828692
359.5,0.0,109774.88138835195,113827.44896516034
360.0,0.0,95674.07917067301,121327.27353551185
360.5,0.0,81288.54304604678,126333.09355816549
361.0,0.0,66995.20437311931,128460.69034955761
361.5,0.0,53237.77971441003,127291.01982437262
362.0,0.0,40512.617265005436,122468.56520496843
362.5,0.0,29342.005267613742,113809.31048529883
363.0,0.0,20227.446546131257,101432.55710354754
363.5,0.0,13575.059658457409,85915.82810782196
364.0,0.0,9590.912214191843,68439.93690458674
364.5,0.0,8166.952785777772,50824.30788633416
365.0,0.0,8841.820284603871,35233.3914675643
365.5,0.0,11003.063742513083,23305.040133087143
366.0,0.0,14294.532947346079,15198.905467084116
366.5,0.0,18703.145789199578,9994.92627627255
367.0,0.0,24339.499973655707,6725.542592680756
367.5,0.0,31308.432559989145,4697.936526980695
368.0,0.0,39656.67950215883,3463.1426756574588
368.5,0.0,49349.92424834126,2741.6178640111034
369.0,0.0,60270.40142503702,2364.622265934321
369.5,0.0,72227.4647996992,2234.9649865169913
370.0,0.0,84970.09309594818,2302.301076999563
370.5,0.0,98194.41252526689,2548.2851734403253
371.0,0.0,111547.3900201823,2978.2134132818596
371.5,0.0,124632.68697466151,3616.9508373295625
372.0,0.0,137024.70028523382,4507.7639116904875
372.5,0.0,148294.31696137524,5713.204690945085
373.0,0.0,158046.14948322345,7317.488342261107
373.5,0.0,165961.7454516221,9429.900406741946
374.0,0.0,171836.93122048027,12188.646961589568
374.5,0.0,175597.29199354255,15764.13727299768
375.0,0.0,177279.34049645002,20359.788007424115
375.5,0.0,176978.90200958576,26206.745745434087
376.0,0.0,174786.11562741594,33545.94802511427
376.5,0.0,170735.4338230404,42586.10994117915
377.0,0.0,164794.67164245126,53419.755769014526
377.5,0.0,156909.49196339367,65876.75088072475
378.0,0.0,147112.64068553975,79324.24762462554
378.5,0.0,135657.67337961707,92573.55300862172
379.0,0.0,122987.94651669715,104324.60697967904
379.5,0.0,109475.04334052233,113964.3610972296
380.0,0.0,95386.66369353798,121354.04238644433
380.5,0.0,81023.92990102945,126260.60569442034
381.0,0.0,66760.37565467742,128307.05021433657
381.5,0.0,53037.49052103742,127075.25658209973
382.0,0.0,40349.96135306316,122208.75871383172
382.5,0.0,29218.59804714823,113522.65840357612
383.0,0.0,20143.372467190413,101136.0826719078
383.5,0.0,13528.691360545554,85627.01276431305
384.0,0.0,9578.745087694397,68176.68546902073
384.5,0.0,8183.795835270082,50603.37488733018
385.0,0.0,8882.123423996365,35065.976429424125
385.5,0.0,11063.871006183092,23190.40169914467
386.0,0.0,14377.145130790843,15125.0000672253
386.5,0.0,18811.03191581457,9948.424110826309
387.0,0.0,24476.179518912944,6696.715267161382
387.5,0.0,31476.150406719302,4680.4597045399805
388.0,0.0,39855.30808950053,3453.087247500054
388.5,0.0,49576.236608824154,2736.6311094087405
389.0,0.0,60518.034689479646,2363.3775995916003
389.5,0.0,72487.65803530201,2236.8169095639405
390.0,0.0,85232.91049849302,2307.080012401717
390.5,0.0,98449.98476178032,2556.1852856855676
391.0,0.0,111786.83699197028,2989.7431544507485
391.5,0.0,124848.64437446107,3632.927744659878
392.0,0.0,137211.5464532897,4529.342782766527
392.5,0.0,148448.22812529106,5741.932703078701
393.0,0.0,158165.05452832085,7355.38250521252
393.5,0.0,166045.17238128968,9479.541789996536
394.0,0.0,171885.6831505413,12253.281383441143
394.5,0.0,175612.89635261093,15847.761264872412
395.0,0.0,177263.29773305525,20467.177528918226
395.5,0.0,176931.88381716743,26343.34571075466
396.0,0.0,174707.3404080141,33717.47069061373
396.5,0.0,170622.43181796707,42797.5715921353
397.0,0.0,164643.62712645603,53673.499070880265
397.5,0.0,156716.4651801325,66168.7989573879
398.0,0.0,146876.22859668764,79638.48729533266
398.5,0.0,135383.35611949972,92875.48822767098
399.0,0.0,122690.94488893799,104564.81364429517
399.5,0.0,109174.74227048305,114103.725401416
400.0,0.0,95098.6420046711,121382.64313710865
400.5,0.0,80758.73160028589,126189.06691955407
401.0,0.0,66525.05724606627,128153.60068192678
401.5,0.0,52836.82801922779,126859.16645753395
402.0,0.0,40187.04144938845,121948.33824849267
402.5,0.0,29095.01455521572,113235.28598044683
403.0,0.0,20059.18002035319,100838.9109729942
403.5,0.0,13482.227008968735,85337.61161739795
404.0,0.0,9566.464102128944,67913.01596881736
404.5,0.0,8200.466349171802,50382.21425941185
405.0,0.0,8922.165245155273,34898.49665711019
405.5,0.0,11124.323489616225,23075.777906056293
406.0,0.0,14459.319283104145,15051.118538767269
406.5,0.0,18918.411227929646,9901.937492478732
407.0,0.0,24612.313067592986,6667.894274474361
407.5,0.0,31643.33260503242,4662.981377375686
408.0,0.0,40053.47540892932,3443.0234388242084
408.5,0.0,49802.224954344296,2731.6292676480684
409.0,0.0,60765.52259360329,2362.110545935394
409.5,0.0,72747.8904422773,2238.637842635091
410.0,0.0,85495.92233776578,2311.8173389318713
410.5,0.0,98705.8556307707,2564.030363216654
411.0,0.0,112026.63147683558,3001.200692891877
411.5,0.0,125064.95227800748,3648.810403305394
412.0,0.0,137398.71646892934,4550.799105407909
412.5,0.0,148602.42419762322,5770.501984701099
413.0,0.0,158284.20845698094,7393.072030900021
413.5,0.0,166128.82670017553,9528.920989370437
414.0,0.0,171934.66312624677,12317.582785827199
414.5,0.0,175628.75531715402,15930.967440654662
415.0,0.0,177247.56254521996,20574.052172982014
415.5,0.0,176885.250747464,26479.32814060546
416.0,0.0,174629.048489281,33888.28388908762
416.5,0.0,170510.02370029147,43008.27654586171
417.0,0.0,164493.2803870763,53926.54701605897
417.5,0.0,156524.19068850955,66460.4283889233
418.0,0.0,146640.49424906474,79952.93829747767
418.5,0.0,135109.42343022348,93178.65333211518
419.0,0.0,122393.86691651677,104807.24055221434
419.5,0.0,108873.98968213597,114245.53147920438
420.0,0.0,94810.01898640578,121413.0899525243
420.5,0.0,80492.94975307843,126118.49559471263
421.0,0.0,66289.25012710401,128000.35472733792
421.5,0.0,52635.79365808604,126642.75608313689
422.0,0.0,40023.85978846272,121687.30598622562
422.5,0.0,28971.257782498626,112947.19318469052
423.0,0.0,19974.87278731069,100541.04157218561
423.5,0.0,13435.670563055106,85047.62505981646
424.0,0.0,9554.073373312543,67648.9303062964
424.5,0.0,8216.968448902868,50160.829436873915
425.0,0.0,8961.949991603979,34730.956162823946
425.5,0.0,11184.425894647315,22961.171949971023
426.0,0.0,14541.060517320646,14977.26302709811
426.5,0.0,19025.28878239819,9855.467829397958
427.0,0.0,24747.904853412743,6639.080557313851
427.5,0.0,31809.98166143152,4645.502212345263
428.0,0.0,40251.18152548011,3432.951768589095
428.5,0.0,50027.88675936093,2726.6127976009593
429.0,0.0,61012.86059170912,2360.8215676385066
429.5,0.0,73008.15649805093,2240.4283036189086
430.0,0.0,85759.12313156658,2316.5136768647444
430.5,0.0,98962.02029192996,2571.821177804816
431.0,0.0,112266.76939207532,3012.5870077651016
431.5,0.0,125281.6071600317,3664.600066368786
432.0,0.0,137586.20706504514,4572.134486898645
432.5,0.0,148756.90191395342,5798.914593026228
433.0,0.0,158403.6078449199,7430.559537265345
433.5,0.0,166212.70473781152,9578.041304262124
434.0,0.0,171983.8671727813,12381.555265938694
434.5,0.0,175644.8645280811,16013.76077540023
435.0,0.0,177232.13006232382,20680.417772097706
435.5,0.0,176838.9972636858,26614.699481718537
436.0,0.0,174551.23356865914,34058.393993719845
436.5,0.0,170398.20253178116,43218.22958985531
437.0,0.0,164343.6245458892,54178.89989398167
437.5,0.0,156332.66350060276,66751.63007784479
438.0,0.0,146405.4380130644,80267.57602884025
438.5,0.0,134835.8845572146,93483.00742823596
439.0,0.0,122096.7279056893,105051.84891719723
439.5,0.0,108572.79754871628,114389.76889143788
440.0,0.0,94520.79986047381,121445.39745196844
440.5,0.0,80226.58606344085,126048.91109633306
441.0,0.0,66052.95524205308,127847.32631330086
441.5,0.0,52434.38879000407,126426.03283725845
442.0,0.0,39860.418477434665,121425.66459559267
442.5,0.0,28847.33057386546,112658.38026862111
443.0,0.0,19890.454186908453,100242.474168758
443.5,0.0,13389.025794897841,84757.05352541244
444.0,0.0,9541.576791264028,67384.43037999682
444.5,0.0,8233.30597678943,49939.22383088524
445.0,0.0,9001.481568827978,34563.35890988938
445.5,0.0,11244.182526029559,22846.5869482608
446.0,0.0,14622.373482633799,14903.435607148494
446.5,0.0,19131.66911293531,9809.016479053233
447.0,0.0,24882.95855178744,6610.275022195441
447.5,0.0,31976.09952188916,4628.02284840656
448.0,0.0,40448.42597229246,3422.872731211862
448.5,0.0,50253.21901466313,2721.5821331696584
449.0,0.0,61260.04371125286,2359.511098837785
449.5,0.0,73268.45031636716,2242.188775368969
450.0,0.0,86022.5071071551,2321.169601853226
450.5,0.0,99218.47369752404,2579.558443461716
451.0,0.0,112507.24653365824,3023.9030030378603
451.5,0.0,125498.6054539221,3680.2978890140707
452.0,0.0,137774.0150015468,4593.350407230846
452.5,0.0,148911.65809330565,5827.172420468349
453.0,0.0,158523.24939928923,7467.84743006577
453.5,0.0,166296.80299995624,9626.905762934819
454.0,0.0,172033.29153853896,12445.202578108361
454.5,0.0,175661.21990352616,16096.1458170002
455.0,0.0,177216.99575594626,20786.27963800645
455.5,0.0,176793.1182495599,26749.46556684319
456.0,0.0,174473.88985448008,34227.8066921894
456.5,0.0,170286.96197786092,43427.43481813705
457.0,0.0,164194.65339622585,54430.55742871784
457.5,0.0,156141.8792879161,67042.39472532974
458.0,0.0,146171.06075405344,80582.3763264017
458.5,0.0,134562.74897275894,93788.51062852271
459.0,0.0,121799.54337127549,105298.60056702606
459.5,0.0,108271.17827766945,114536.42702469451
460.0,0.0,94230.99018606222,121479.58053274226
460.5,0.0,79959.64233531375,125980.33369076696
461.0,0.0,65816.17350570913,127694.53031437844
461.5,0.0,52232.61467829191,126209.00479788295
462.0,0.0,39696.71950522146,121163.41720973066
462.5,0.0,28723.23563916639,112368.84775410603
463.0,0.0,19805.927488762427,99943.20858838578
463.5,0.0,13342.29630789232,84465.89748251613
464.0,0.0,9528.978046099597,67119.51807598495
464.5,0.0,8249.482530747868,49717.400820787014
465.0,0.0,9040.763587114634,34395.70881051631
465.5,0.0,11303.597341748018,22732.025945822308
466.0,0.0,14703.262423918268,14829.638290819168
466.5,0.0,19237.556298798114,9762.584753853513
467.0,0.0,25017.47735526463,6581.478543545861
467.5,0.0,32141.68764990345,4610.543899794798
468.0,0.0,40645.207826269616,3412.786799381749
468.5,0.0,50478.21829578805,2716.5376861746304
469.0,0.0,61507.066610264126,2358.179548463951
469.5,0.0,73528.76569156956,2243.9197098234204
470.0,0.0,86286.0682321111,2325.785650204594
470.5,0.0,99475.21061121483,2587.242823295097
471.0,0.0,112748.05858524822,3035.1495164335006
471.5,0.0,125715.94355320423,3695.9049401447646
472.0,0.0,137962.1370609871,4614.448234310216
472.5,0.0,149066.68962885728,5855.277214366602
473.0,0.0,158643.1299446616,7504.937928331608
473.5,0.0,166381.1181494614,9675.51715514935
474.0,0.0,172082.9326700744,12508.528175254418
474.5,0.0,175677.81760678728,16178.126738131796
475.0,0.0,177202.15539942565,20891.64262561227
475.5,0.0,176747.60895887716,26883.63169115212
476.0,0.0,174397.01200390386,34396.52707399961
476.5,0.0,170176.29623312276,43635.89572362552
477.0,0.0,164046.36131795886,54681.5188628689
477.5,0.0,155951.8342925593,67332.71288217127
478.0,0.0,145937.36375431553,80897.31545349096
478.5,0.0,134290.02632003202,94095.12397170917
479.0,0.0,121502.32899079156,105547.45785411731
479.5,0.0,107969.1446794888,114685.49498240612
480.0,0.0,93940.59585981329,121515.65421450317
480.5,0.0,79692.12047965395,125912.78442112017
481.0,0.0,65578.90581096783,127541.98244937573
481.5,0.0,52030.4725062099,125991.68070096939
482.0,0.0,39532.76475304204,120900.5674016453
482.5,0.0,28598.97556526494,112078.59641959485
483.0,0.0,19721.2958274341,99643.24477722218
483.5,0.0,13295.485554580066,84174.15743046105
484.0,0.0,9516.280651497036,66854.19526387088
484.5,0.0,8265.50149462737,49495.36375062668
485.0,0.0,9079.79939835116,34228.00972767432
485.5,0.0,11362.673995790865,22617.49192367872
486.0,0.0,14783.73123210913,14755.873035652077
486.5,0.0,19342.954022798127,9716.173927490181
487.0,0.0,25151.464037140566,6552.691968168847
487.5,0.0,32306.747092240083,4593.065959351722
488.0,0.0,40841.52577173422,3402.6944268528982
488.5,0.0,50702.8808205301,2711.4798490680478
489.0,0.0,61753.92362548858,2356.8273032430584
489.5,0.0,73789.09613546054,2245.6215316231783
490.0,0.0,86549.80023953652,2330.362323449052
490.5,0.0,99732.22562266467,2594.874935400852
491.0,0.0,112989.20112413076,3046.327327091202
491.5,0.0,125933.61781076803,3711.4222123795157
492.0,0.0,138150.57004263825,4635.429236929193
492.5,0.0,149221.99347776565,5883.230593801141
493.0,0.0,158763.24640892295,7541.833086058234
493.5,0.0,166465.64698800482,9723.878059958526
494.0,0.0,172132.78718909196,12571.535244163995
494.5,0.0,175694.65401766147,16259.707380464082
495.0,0.0,177187.605032376,20996.511187321856
495.5,0.0,176702.46497180357,27017.20267714851
496.0,0.0,174320.59506962402,34564.55970455077
496.5,0.0,170066.19995768496,43843.61527627208
497.0,0.0,163898.74320498915,54931.78302810081
497.5,0.0,155762.52525204438,67622.57499069709
498.0,0.0,145704.3486475144,81212.37008690613
498.5,0.0,134017.72636655372,94402.80935354719
499.0,0.0,121205.1005651433,105798.38358255892
499.5,0.0,107666.7099395444,114836.96149669868
